Tarih,Americano,Espresso,Mocha,Latte,Filtre Kahve,White Chocolate Mocha,Hazelnut Latte,Coconut Latte,Su,Soda,Günlük Gelir,Müşteri Segmenti
2024-01-01,3420,2240,700,2520,2625,0,3080,3520,580,1240,19925,Orta Segment
2024-01-02,2520,3840,3700,630,1875,2520,4180,1650,760,320,21995,Orta Segment
2024-01-03,1260,3600,1100,900,2100,3000,3300,1210,860,440,17770,Orta Segment
2024-01-04,3780,2400,2300,3600,1500,2040,5060,4070,920,400,26070,Premium
2024-01-05,630,2720,2700,3240,750,5880,4620,3630,480,1800,26450,Premium
2024-01-06,1800,2560,700,1170,2925,1560,5390,1430,720,600,18855,Orta Segment
2024-01-07,3420,1600,2700,2610,750,5520,2420,3850,920,0,23790,Orta Segment
2024-01-08,1620,2480,3500,3060,2625,3360,4730,3520,140,1760,26795,Premium
2024-01-09,1980,1760,2500,1800,3600,1320,4070,2420,820,800,21070,Orta Segment
2024-01-10,900,2560,700,3240,2850,4200,2090,5390,300,1160,23390,Orta Segment
2024-01-11,900,160,4900,360,2925,4080,2420,4840,140,480,21205,Orta Segment
2024-01-12,2070,1360,2700,1620,2550,1320,4840,110,0,1320,17890,Orta Segment
2024-01-13,3150,1920,2700,1170,2475,720,1650,4400,860,120,19165,Orta Segment
2024-01-14,3510,3280,3600,2250,3450,3360,5390,2200,80,1080,28200,Premium
2024-01-15,2070,2400,4000,270,1725,1200,4510,110,40,1480,17805,Orta Segment
2024-01-16,180,160,3500,2160,1575,3840,770,2860,0,1200,16245,Fiyat Duyarlı
2024-01-17,1890,3120,2600,3960,300,600,5390,880,60,1040,19840,Orta Segment
2024-01-18,90,3600,1600,3690,2400,5520,2200,0,780,160,20040,Orta Segment
2024-01-19,2070,1840,800,2160,2625,1680,0,1100,680,960,13915,Fiyat Duyarlı
2024-01-20,3870,3920,3200,1530,3450,3720,770,220,620,80,21380,Orta Segment
2024-01-21,2610,2480,1900,3510,1425,1200,3080,2420,820,1280,20725,Orta Segment
2024-01-22,3330,3680,1200,630,1350,2640,3410,2750,660,120,19770,Orta Segment
2024-01-23,90,1680,2700,3420,2550,3000,4070,330,840,960,19640,Orta Segment
2024-01-24,1800,1760,4700,3510,3150,3960,440,1870,480,760,22430,Orta Segment
2024-01-25,2880,80,2800,1170,1200,5400,5060,550,180,1320,20640,Orta Segment
2024-01-26,990,2080,1200,2790,3300,3960,2310,3740,400,1000,21770,Orta Segment
2024-01-27,1890,3280,4500,3330,3150,3360,5060,2310,900,160,27940,Premium
2024-01-28,3870,80,3400,2880,2475,360,3630,4620,760,1360,23435,Orta Segment
2024-01-29,2160,2000,500,1980,600,1920,0,1540,520,1080,12300,Fiyat Duyarlı
2024-01-30,4320,1280,1700,1260,1875,4080,2750,2310,520,1120,21215,Orta Segment
2024-01-31,2340,3120,400,2880,75,1440,4620,3960,20,320,19175,Orta Segment
2024-02-01,3690,2560,4600,2160,600,4800,990,4510,800,1480,26190,Premium
2024-02-02,2430,640,2400,1440,600,4560,3190,1210,940,1960,19370,Orta Segment
2024-02-03,1350,3360,100,2880,2925,1680,5390,5060,240,200,23185,Orta Segment
2024-02-04,1260,3760,900,4140,1200,3360,1870,5280,160,720,22650,Orta Segment
2024-02-05,4140,3040,2900,90,0,3360,1760,4510,700,1720,22220,Orta Segment
2024-02-06,3870,2240,4900,1170,1800,1200,2750,4070,420,400,22820,Orta Segment
2024-02-07,180,3280,4400,3510,3150,3720,770,1870,820,40,21740,Orta Segment
2024-02-08,3240,2000,400,3510,2925,120,5060,4840,500,1840,24435,Orta Segment
2024-02-09,540,2720,3200,3420,3075,5520,4290,3740,220,1720,28445,Premium
2024-02-10,1800,3920,0,450,1800,1560,5280,3190,320,1720,20040,Orta Segment
2024-02-11,720,1920,1700,450,2850,2280,1210,2530,260,320,14240,Fiyat Duyarlı
2024-02-12,3420,1840,3100,180,2550,2520,2860,4510,260,800,22040,Orta Segment
2024-02-13,1530,960,4600,540,150,1200,770,3190,660,920,14520,Fiyat Duyarlı
2024-02-14,270,480,4800,630,3675,3120,2640,1430,380,1320,18745,Orta Segment
2024-02-15,2160,2800,1000,3690,2700,240,4950,550,200,840,19130,Orta Segment
2024-02-16,1170,3520,2000,1260,3225,1920,330,220,300,80,14025,Fiyat Duyarlı
2024-02-17,4410,1520,2500,4140,3225,5160,3520,1650,600,440,27165,Premium
2024-02-18,720,0,2400,2520,2175,3240,0,660,100,1080,12895,Fiyat Duyarlı
2024-02-19,2250,560,2100,2880,2775,3360,1980,1430,360,1160,18855,Orta Segment
2024-02-20,90,3600,2600,2610,2475,2400,3300,880,720,1000,19675,Orta Segment
2024-02-21,1710,1200,4800,3420,825,5520,1650,1540,60,1880,22605,Orta Segment
2024-02-22,2430,1040,1200,2340,1350,1800,1430,2200,920,800,15510,Fiyat Duyarlı
2024-02-23,4140,880,3200,3150,2700,4320,5170,3740,60,1080,28440,Premium
2024-02-24,540,1760,3300,2520,3225,2280,440,110,380,1000,15555,Fiyat Duyarlı
2024-02-25,3870,1120,4000,3330,3600,600,4400,2860,180,1280,25240,Premium
2024-02-26,630,2160,3400,2880,1200,2160,2750,110,460,800,16550,Orta Segment
2024-02-27,4140,2640,0,3240,675,480,2970,3740,680,1360,19925,Orta Segment
2024-02-28,3060,80,2000,2340,3600,240,110,1870,500,1320,15120,Fiyat Duyarlı
2024-02-29,1170,2480,4700,2880,3450,0,5390,1430,720,1600,23820,Orta Segment
2024-03-01,1440,1760,500,270,825,4440,550,2090,740,1840,14455,Fiyat Duyarlı
2024-03-02,3150,1680,2700,1890,1125,1680,880,1870,400,680,16055,Fiyat Duyarlı
2024-03-03,4410,1920,1600,90,1725,3960,3520,990,780,400,19395,Orta Segment
2024-03-04,3510,1680,400,810,1350,4080,4400,2640,760,880,20510,Orta Segment
2024-03-05,270,1680,3000,360,525,5760,2640,110,400,1880,16625,Orta Segment
2024-03-06,90,3840,400,810,2250,2880,5170,2640,180,840,19100,Orta Segment
2024-03-07,450,3280,3700,2880,1500,2760,1320,3520,740,640,20790,Orta Segment
2024-03-08,3690,400,200,3330,1200,1320,880,3850,900,160,15930,Fiyat Duyarlı
2024-03-09,270,1120,2200,1080,1650,2040,1320,3300,60,1720,14760,Fiyat Duyarlı
2024-03-10,2520,3360,3600,2700,2700,1680,3300,1430,880,400,22570,Orta Segment
2024-03-11,1530,2880,3600,4140,1125,5160,4400,0,380,1160,24375,Orta Segment
2024-03-12,2250,2560,900,3150,375,1800,1100,4950,320,560,17965,Orta Segment
2024-03-13,3870,560,900,3960,525,3120,330,1650,120,1040,16075,Fiyat Duyarlı
2024-03-14,2970,3440,1800,2070,1800,840,3630,4950,60,1360,22920,Orta Segment
2024-03-15,810,3440,1600,1260,1275,5400,4070,220,560,1280,19915,Orta Segment
2024-03-16,3150,320,2000,2520,1800,2880,4950,3740,260,760,22380,Orta Segment
2024-03-17,1170,3040,1300,630,825,1920,330,4400,40,600,14255,Fiyat Duyarlı
2024-03-18,2700,240,800,360,1050,3360,4070,550,460,1320,14910,Fiyat Duyarlı
2024-03-19,4230,400,4500,2520,1875,840,1980,2640,720,40,19745,Orta Segment
2024-03-20,1260,3520,0,4140,3000,1680,550,1320,300,1360,17130,Orta Segment
2024-03-21,630,2480,4400,270,3300,3120,3630,3630,60,1560,23080,Orta Segment
2024-03-22,1170,2320,1200,990,1875,5400,1870,770,460,1080,17135,Orta Segment
2024-03-23,1980,3680,300,3960,3450,5880,1320,2200,660,1840,25270,Premium
2024-03-24,3510,2720,0,90,2325,720,4400,3630,580,1520,19495,Orta Segment
2024-03-25,1800,3120,4800,2340,675,240,2420,330,340,200,16265,Fiyat Duyarlı
2024-03-26,1350,1200,3900,2700,1125,3360,1980,2640,360,320,18935,Orta Segment
2024-03-27,3960,960,3100,3150,450,5160,4840,1540,600,760,24520,Orta Segment
2024-03-28,1530,3920,3300,3150,1200,2760,1100,330,360,0,17650,Orta Segment
2024-03-29,4140,3280,2700,2250,1650,240,0,4840,960,280,20340,Orta Segment
2024-03-30,2070,2320,3000,3780,1875,2280,2530,1210,900,880,20845,Orta Segment
2024-03-31,2250,1440,700,2340,1500,5400,660,3410,360,80,18140,Orta Segment
2024-04-01,2160,1280,3800,360,1575,1680,2640,3410,420,120,17445,Orta Segment
2024-04-02,3960,1440,2500,1710,450,2880,2200,2970,460,960,19530,Orta Segment
2024-04-03,3600,2160,3300,900,975,3480,1540,1320,880,1840,19995,Orta Segment
2024-04-04,2520,2000,200,810,1050,1560,0,3300,220,1480,13140,Fiyat Duyarlı
2024-04-05,1260,2880,4900,3510,450,720,1210,1430,580,560,17500,Orta Segment
2024-04-06,3960,2000,1100,3330,600,1920,660,2090,740,800,17200,Orta Segment
2024-04-07,0,1760,0,450,3525,5160,1540,1870,600,1360,16265,Fiyat Duyarlı
2024-04-08,2160,640,4300,630,525,2280,2200,3080,700,1800,18315,Orta Segment
2024-04-09,540,880,400,1980,3675,4200,1980,550,360,520,15085,Fiyat Duyarlı
2024-04-10,720,0,2900,4140,1650,960,3080,3410,940,1400,19200,Orta Segment
2024-04-11,2070,0,2900,2250,2100,4440,2640,3080,880,440,20800,Orta Segment
2024-04-12,0,3680,1600,4050,1275,5640,3520,4620,700,640,25725,Premium
2024-04-13,3870,2640,4700,3780,2250,2520,5280,110,580,1520,27250,Premium
2024-04-14,630,2480,4600,990,2175,120,3410,2420,960,320,18105,Orta Segment
2024-04-15,2070,3760,2200,2250,2850,2760,5280,1980,640,1360,25150,Premium
2024-04-16,900,1920,1400,1080,2550,840,3740,3300,340,480,16550,Orta Segment
2024-04-17,1440,3120,3600,3510,1275,1200,4730,440,960,560,20835,Orta Segment
2024-04-18,630,3520,2000,1530,3075,1440,4070,1980,540,680,19465,Orta Segment
2024-04-19,3060,0,1300,2160,2850,1920,2750,3630,920,1280,19870,Orta Segment
2024-04-20,3060,1200,100,2880,1200,840,1100,990,200,200,11770,Fiyat Duyarlı
2024-04-21,2880,3040,1000,4140,975,2400,3740,2640,880,1040,22735,Orta Segment
2024-04-22,360,320,3800,3510,2250,2040,770,110,640,880,14680,Fiyat Duyarlı
2024-04-23,3690,1680,3700,3780,1725,3480,4950,1100,320,1040,25465,Premium
2024-04-24,3420,2240,3300,990,2550,2040,1430,5390,100,1320,22780,Orta Segment
2024-04-25,3600,160,3700,3870,3225,5400,990,3300,60,1800,26105,Premium
2024-04-26,2430,880,4900,3150,3300,5520,110,1540,380,1480,23690,Orta Segment
2024-04-27,540,2000,3300,4230,2475,3600,4950,880,940,520,23435,Orta Segment
2024-04-28,720,1200,1700,270,150,4440,880,2420,920,1400,14100,Fiyat Duyarlı
2024-04-29,630,2880,2900,360,2700,3720,220,1980,520,280,16190,Fiyat Duyarlı
2024-04-30,990,1680,1400,3240,3150,1200,2200,880,280,1360,16380,Orta Segment
2024-05-01,2970,2240,2600,630,2925,5280,2750,3740,100,720,23955,Orta Segment
2024-05-02,2880,1040,3300,3690,1875,2880,770,2200,920,1160,20715,Orta Segment
2024-05-03,4230,2160,3700,4320,1650,3840,5170,880,260,520,26730,Premium
2024-05-04,1980,320,3200,2430,3225,4440,110,2970,200,760,19635,Orta Segment
2024-05-05,2070,3680,2300,2700,2850,4800,550,4950,760,1920,26580,Premium
2024-05-06,3240,3840,1400,720,1050,840,2970,660,160,960,15840,Fiyat Duyarlı
2024-05-07,3060,2320,2900,2520,3600,1200,3080,1650,500,1560,22390,Orta Segment
2024-05-08,3870,3600,4100,1170,225,2520,2750,1650,300,920,21105,Orta Segment
2024-05-09,3510,320,1600,3510,2100,2760,2640,3520,80,520,20560,Orta Segment
2024-05-10,1890,880,400,3600,1575,4800,1210,330,180,1000,15865,Fiyat Duyarlı
2024-05-11,2340,1200,2800,1890,1800,1920,440,330,980,1480,15180,Fiyat Duyarlı
2024-05-12,3060,2000,300,900,900,1320,3630,4180,40,880,17210,Orta Segment
2024-05-13,0,2000,900,1980,1275,5400,5170,4290,240,840,22095,Orta Segment
2024-05-14,3060,3760,1600,0,2400,3720,3960,1760,840,1880,22980,Orta Segment
2024-05-15,3240,1600,900,4050,1125,1680,1540,3960,960,720,19775,Orta Segment
2024-05-16,4140,3040,1600,3240,3300,1800,4730,4180,580,1800,28410,Premium
2024-05-17,1170,2800,1900,1800,3075,2520,3850,3080,880,80,21155,Orta Segment
2024-05-18,180,2560,2300,2250,3225,3240,1540,3850,100,1640,20885,Orta Segment
2024-05-19,0,2320,400,4050,75,2280,4620,4070,320,720,18855,Orta Segment
2024-05-20,360,2880,3300,3150,2550,3840,5170,4180,880,320,26630,Premium
2024-05-21,2250,1760,500,1980,3075,1080,2420,5390,360,1080,19895,Orta Segment
2024-05-22,1170,720,100,0,2475,4680,550,3960,820,760,15235,Fiyat Duyarlı
2024-05-23,3420,320,1200,3510,2175,3720,4950,3740,680,1760,25475,Premium
2024-05-24,2340,2800,4200,1260,900,5880,5390,660,900,240,24570,Premium
2024-05-25,720,2640,4200,1800,900,3840,4730,2860,500,520,22710,Orta Segment
2024-05-26,1260,2400,4700,4140,1275,120,4620,2970,80,320,21885,Orta Segment
2024-05-27,1260,720,1000,720,2325,3840,4840,2310,560,720,18295,Orta Segment
2024-05-28,2250,1440,4600,720,2325,3840,2200,1430,720,1840,21365,Orta Segment
2024-05-29,3690,2480,2200,810,2550,4800,2420,660,380,520,20510,Orta Segment
2024-05-30,1080,0,1500,2250,2850,1440,4620,3960,960,1480,20140,Orta Segment
2024-05-31,2790,320,3000,3600,3375,3480,1650,2310,400,1400,22325,Orta Segment
2024-06-01,3420,3520,1000,3060,2100,3840,5060,440,180,1560,24180,Orta Segment
2024-06-02,4320,240,1500,2160,3600,1440,1540,110,80,640,15630,Fiyat Duyarlı
2024-06-03,2790,1200,700,2250,2100,3000,2640,2860,700,1160,19400,Orta Segment
2024-06-04,270,1840,300,900,3225,2520,3850,2200,100,320,15525,Fiyat Duyarlı
2024-06-05,2610,1200,3900,3330,1125,4560,1100,4070,500,1280,23675,Orta Segment
2024-06-06,3240,80,300,90,3225,120,1540,1540,60,960,11155,Fiyat Duyarlı
2024-06-07,1980,3840,2400,540,3450,4440,330,2200,760,520,20460,Orta Segment
2024-06-08,3420,2160,200,1530,675,4560,2200,990,760,400,16895,Orta Segment
2024-06-09,3960,2480,3100,2340,2175,3000,1320,2420,980,1360,23135,Orta Segment
2024-06-10,1260,2080,200,2970,1800,5400,2310,4180,680,1600,22480,Orta Segment
2024-06-11,3780,1520,2600,2340,2850,5880,1980,440,0,520,21910,Orta Segment
2024-06-12,2520,1840,2800,1440,1425,1680,3630,0,460,1160,16955,Orta Segment
2024-06-13,3150,880,3100,3780,300,3960,1430,1320,700,1600,20220,Orta Segment
2024-06-14,1080,3920,4900,3870,0,4920,330,2200,100,120,21440,Orta Segment
2024-06-15,2790,2720,1800,2070,2175,5160,5170,2750,800,120,25555,Premium
2024-06-16,540,2560,2000,2160,3600,5760,4950,5390,900,1080,28940,Premium
2024-06-17,1890,2560,400,540,150,4680,2860,4840,860,280,19060,Orta Segment
2024-06-18,2430,3360,1700,450,3300,1200,3080,2200,600,40,18360,Orta Segment
2024-06-19,90,2880,2700,2070,975,240,5060,1870,380,1600,17865,Orta Segment
2024-06-20,3690,880,4100,2880,2175,600,2970,3960,460,1800,23515,Orta Segment
2024-06-21,3960,160,2100,4320,3675,960,3740,4840,480,840,25075,Premium
2024-06-22,450,0,2000,2520,225,600,770,3410,700,1600,12275,Fiyat Duyarlı
2024-06-23,2430,2560,500,3780,1275,960,1650,3850,400,600,18005,Orta Segment
2024-06-24,2430,3120,0,1890,2700,4560,4510,1760,580,1120,22670,Orta Segment
2024-06-25,3870,720,400,2250,1800,3600,3850,3740,460,1920,22610,Orta Segment
2024-06-26,3870,3360,4000,2430,3525,3720,3190,5280,860,1880,32115,Premium
2024-06-27,1710,3440,1100,4410,0,4800,1870,1100,820,1160,20410,Orta Segment
2024-06-28,2610,2240,2500,1800,3375,5880,110,2200,580,440,21735,Orta Segment
2024-06-29,900,960,4500,4320,1050,1320,5280,2750,420,1360,22860,Orta Segment
2024-06-30,2430,880,3300,540,600,840,1320,330,540,400,11180,Fiyat Duyarlı
2024-07-01,2160,2400,4800,1440,1050,840,330,3630,120,1800,18570,Orta Segment
2024-07-02,3420,3600,1300,1710,3600,5880,2750,5170,680,1960,30070,Premium
2024-07-03,2880,80,2500,3600,1725,3240,2640,1870,540,800,19875,Orta Segment
2024-07-04,0,3920,4400,4320,225,2280,3190,4290,260,800,23685,Orta Segment
2024-07-05,2340,2720,2600,1710,825,5520,1100,3740,180,160,20895,Orta Segment
2024-07-06,1080,1760,800,1890,2700,720,660,4400,300,1880,16190,Fiyat Duyarlı
2024-07-07,3600,1280,2500,2430,2700,1200,3300,3080,300,760,21150,Orta Segment
2024-07-08,180,2000,4600,3510,3150,2280,4730,3080,600,1440,25570,Premium
2024-07-09,3420,560,2100,4320,375,1800,990,4070,820,80,18535,Orta Segment
2024-07-10,450,2240,4600,540,2850,360,4180,4510,480,1720,21930,Orta Segment
2024-07-11,630,2000,2900,0,3375,600,1320,2200,240,1280,14545,Fiyat Duyarlı
2024-07-12,2340,720,4200,2790,1725,2520,3300,4510,100,320,22525,Orta Segment
2024-07-13,720,2000,4700,1080,750,3000,660,1320,860,320,15410,Fiyat Duyarlı
2024-07-14,3240,2640,1600,2610,900,240,5280,5280,160,120,22070,Orta Segment
2024-07-15,2880,3200,2500,1980,2475,4800,4510,4400,880,1360,28985,Premium
2024-07-16,3690,480,3500,1620,1800,4920,4510,1760,700,640,23620,Orta Segment
2024-07-17,3870,240,0,2790,450,1560,3850,880,840,1320,15800,Fiyat Duyarlı
2024-07-18,2070,3920,700,2610,225,1200,2090,4400,380,920,18515,Orta Segment
2024-07-19,1260,3520,4800,2520,525,2040,330,0,340,1240,16575,Orta Segment
2024-07-20,2790,800,3400,4320,1425,1320,660,110,840,0,15665,Fiyat Duyarlı
2024-07-21,2790,2240,1400,3960,2100,2640,0,5170,400,280,20980,Orta Segment
2024-07-22,2070,2800,4600,2520,3300,1320,4730,3080,60,1760,26240,Premium
2024-07-23,3600,1920,2100,2610,3375,1440,4840,3520,980,880,25265,Premium
2024-07-24,4320,1600,1300,1350,675,2880,4510,990,640,1840,20105,Orta Segment
2024-07-25,4320,2800,2500,3510,3150,5280,5060,5390,520,1560,34090,Premium
2024-07-26,990,720,2700,1620,2475,2160,1320,4290,120,440,16835,Orta Segment
2024-07-27,3420,2880,2200,1530,1875,5400,2310,2200,100,440,22355,Orta Segment
2024-07-28,90,640,1300,0,3000,4200,2200,2970,280,1800,16480,Orta Segment
2024-07-29,180,1840,2300,1170,3600,5280,2310,1100,340,1840,19960,Orta Segment
2024-07-30,4320,2720,100,4140,150,840,2970,3630,620,560,20050,Orta Segment
2024-07-31,3240,3840,4400,4410,375,3360,880,770,200,1600,23075,Orta Segment
2024-08-01,4320,2720,2500,90,300,3720,2750,2310,380,720,19810,Orta Segment
2024-08-02,1440,3760,1300,2430,300,5160,880,770,460,1000,17500,Orta Segment
2024-08-03,4320,2800,600,4320,3450,2040,1540,5280,280,1120,25750,Premium
2024-08-04,90,1360,200,4410,1650,600,990,1540,940,840,12620,Fiyat Duyarlı
2024-08-05,90,3840,4600,2610,3600,2040,2530,1760,120,1560,22750,Orta Segment
2024-08-06,2430,3040,2200,3330,600,2160,4510,2420,400,800,21890,Orta Segment
2024-08-07,1980,2480,4500,270,2550,2520,770,2530,820,1480,19900,Orta Segment
2024-08-08,3240,1840,4200,0,1425,4320,2530,4840,500,760,23655,Orta Segment
2024-08-09,2790,1760,4600,630,3600,3720,1650,1980,860,1120,22710,Orta Segment
2024-08-10,2880,2480,4400,2520,3075,4800,5280,440,260,120,26255,Premium
2024-08-11,0,2880,1700,3420,2550,240,2750,3410,720,240,17910,Orta Segment
2024-08-12,1620,880,3700,180,3675,3240,2860,4730,400,1080,22365,Orta Segment
2024-08-13,90,3840,3400,2790,1275,1080,3960,0,340,1080,17855,Orta Segment
2024-08-14,3870,960,1400,810,1200,4080,330,2420,80,120,15270,Fiyat Duyarlı
2024-08-15,2250,1760,2400,810,1725,3360,5390,3960,40,840,22535,Orta Segment
2024-08-16,2790,1920,3600,1620,150,1680,2530,770,440,440,15940,Fiyat Duyarlı
2024-08-17,450,2720,2700,4050,2325,3840,1980,1320,500,1760,21645,Orta Segment
2024-08-18,2790,3200,900,2970,2550,720,3850,770,720,80,18550,Orta Segment
2024-08-19,270,2320,3800,2880,2775,1320,4180,2420,460,840,21265,Orta Segment
2024-08-20,900,1280,1600,1980,900,5760,990,4620,960,1720,20710,Orta Segment
2024-08-21,1440,3840,3800,2430,3450,3480,2640,0,360,40,21480,Orta Segment
2024-08-22,3330,1520,2100,2790,1800,2400,1870,4840,480,920,22050,Orta Segment
2024-08-23,2070,3760,2500,4410,600,3600,1980,2530,400,1320,23170,Orta Segment
2024-08-24,360,1920,4300,540,225,2760,3850,3740,220,1040,18955,Orta Segment
2024-08-25,2970,1680,2400,2520,975,2280,990,2530,800,1600,18745,Orta Segment
2024-08-26,450,960,1600,630,2700,4320,3520,1760,640,0,16580,Orta Segment
2024-08-27,1890,1440,1200,0,2475,360,5390,440,980,280,14455,Fiyat Duyarlı
2024-08-28,900,3840,1900,180,750,3240,440,2090,60,880,14280,Fiyat Duyarlı
2024-08-29,4230,2800,2400,2070,3000,5160,5060,2200,820,1480,29220,Premium
2024-08-30,1350,880,300,1980,150,2280,5280,4290,120,200,16830,Orta Segment
2024-08-31,2880,3200,900,630,2025,2760,3740,3300,420,840,20695,Orta Segment
2024-09-01,720,1440,200,4140,2100,5880,4730,4950,640,960,25760,Premium
2024-09-02,450,880,4000,3240,600,5760,3630,3850,320,680,23410,Orta Segment
2024-09-03,1350,640,4400,180,150,3720,3520,1100,460,640,16160,Fiyat Duyarlı
2024-09-04,2520,480,1700,2880,1800,4800,2200,1540,660,440,19020,Orta Segment
2024-09-05,180,2160,4600,2430,2475,4200,1760,1980,540,200,20525,Orta Segment
2024-09-06,1710,1040,3500,4140,825,3960,2310,660,840,1000,19985,Orta Segment
2024-09-07,3150,2400,4600,630,3075,4200,5170,2970,800,1040,28035,Premium
2024-09-08,1620,1440,2100,2970,600,120,3960,4620,760,280,18470,Orta Segment
2024-09-09,2250,3680,3300,3060,1050,1680,1540,440,420,720,18140,Orta Segment
2024-09-10,180,1200,4600,2790,2925,3960,3740,440,960,1640,22435,Orta Segment
2024-09-11,1620,320,700,2070,1800,4200,2970,3190,320,0,17190,Orta Segment
2024-09-12,1710,2720,3900,1170,300,600,660,3410,660,1120,16250,Fiyat Duyarlı
2024-09-13,2790,880,4800,2790,750,4560,3410,770,100,1760,22610,Orta Segment
2024-09-14,540,1920,4300,4050,2475,4920,1100,990,900,1920,23115,Orta Segment
2024-09-15,3600,1600,1800,3780,1725,1320,990,4070,100,1360,20345,Orta Segment
2024-09-16,2880,2800,4100,1350,1050,240,880,5060,660,1560,20580,Orta Segment
2024-09-17,3510,1760,4000,270,2775,5280,1430,3410,0,520,22955,Orta Segment
2024-09-18,3420,1200,3600,3240,525,2040,1320,5170,180,1360,22055,Orta Segment
2024-09-19,1530,3040,500,1800,300,4680,2640,2970,400,1880,19740,Orta Segment
2024-09-20,3510,3520,2500,1170,3525,2400,110,1760,80,1760,20335,Orta Segment
2024-09-21,0,3280,3300,2700,1875,1680,3740,3300,20,760,20655,Orta Segment
2024-09-22,900,3040,4400,4230,1275,3840,660,770,420,1920,21455,Orta Segment
2024-09-23,2430,1040,500,1530,375,4080,2200,4290,940,480,17865,Orta Segment
2024-09-24,2160,2400,3600,540,2700,3000,1870,2640,20,1480,20410,Orta Segment
2024-09-25,4410,320,3200,810,3525,840,220,880,180,1920,16305,Fiyat Duyarlı
2024-09-26,1980,2720,2100,540,900,4200,4510,110,660,1800,19520,Orta Segment
2024-09-27,2700,1760,2000,2880,2025,5640,4180,1540,300,1920,24945,Premium
2024-09-28,2610,2240,500,1980,300,3480,4400,5390,940,280,22120,Orta Segment
2024-09-29,3690,3360,500,1800,900,2640,5280,220,760,1680,20830,Orta Segment
2024-09-30,3060,800,4700,1620,1200,4920,1100,5280,420,760,23860,Orta Segment
2024-10-01,540,1360,300,4230,3675,5160,4180,3850,220,1280,24795,Premium
2024-10-02,1350,3680,2900,1620,2925,1560,2530,330,460,1000,18355,Orta Segment
2024-10-03,2250,880,1000,3150,3300,1560,4950,1430,920,1520,20960,Orta Segment
2024-10-04,4230,640,2900,2520,2325,120,1980,4400,780,800,20695,Orta Segment
2024-10-05,4320,720,3000,1530,2100,4320,330,4400,740,1920,23380,Orta Segment
2024-10-06,90,3440,2300,90,150,480,2750,2640,180,1640,13760,Fiyat Duyarlı
2024-10-07,0,1280,800,0,2925,4440,4070,5390,680,1680,21265,Orta Segment
2024-10-08,4230,2960,200,4140,2475,5280,4510,990,960,1600,27345,Premium
2024-10-09,990,480,3000,360,2925,4800,3410,2200,620,320,19105,Orta Segment
2024-10-10,360,3600,3900,1710,1950,5520,4180,3850,120,920,26110,Premium
2024-10-11,3240,960,3600,900,900,1560,4840,1210,400,1440,19050,Orta Segment
2024-10-12,2790,3120,3500,3690,3300,4560,4950,2860,380,1920,31070,Premium
2024-10-13,720,3280,2300,90,2400,2880,3850,4290,500,1600,21910,Orta Segment
2024-10-14,3600,640,3000,180,375,2280,4290,110,60,640,15175,Fiyat Duyarlı
2024-10-15,3060,3920,500,1980,1725,120,3960,1320,900,920,18405,Orta Segment
2024-10-16,1620,2080,100,990,1350,4560,3520,3410,420,800,18850,Orta Segment
2024-10-17,4230,80,1900,1710,1125,600,3850,3300,280,1520,18595,Orta Segment
2024-10-18,1350,320,2700,360,2925,1920,220,1650,780,1600,13825,Fiyat Duyarlı
2024-10-19,180,2240,1000,3240,2025,2880,880,3410,400,1520,17775,Orta Segment
2024-10-20,1710,2880,300,3330,2400,3240,770,3410,280,480,18800,Orta Segment
2024-10-21,2070,2960,1400,2610,3525,120,3520,3630,420,400,20655,Orta Segment
2024-10-22,2880,1440,500,720,3000,4080,550,1100,540,1800,16610,Orta Segment
2024-10-23,2070,560,4800,2970,900,4320,4400,990,260,720,21990,Orta Segment
2024-10-24,900,3760,2900,3870,3150,480,4180,1540,520,400,21700,Orta Segment
2024-10-25,4320,3520,3700,3060,3300,0,330,1760,800,480,21270,Orta Segment
2024-10-26,630,0,100,1890,1800,4680,1320,4290,780,1800,17290,Orta Segment
2024-10-27,3150,1680,1400,3870,3075,1320,5280,1870,540,1760,23945,Orta Segment
2024-10-28,3330,1280,1000,2070,2625,4200,110,880,500,0,15995,Fiyat Duyarlı
2024-10-29,3510,480,700,1440,1950,5280,440,2640,960,1560,18960,Orta Segment
2024-10-30,1710,1920,2500,810,2775,2640,4730,4290,20,1720,23115,Orta Segment
2024-10-31,3060,3520,4400,2610,450,5520,2860,1430,480,720,25050,Premium
2024-11-01,4230,240,4300,4050,300,3600,3410,2640,40,440,23250,Orta Segment
2024-11-02,2160,2800,400,1980,3150,1200,2200,5390,140,280,19700,Orta Segment
2024-11-03,3060,400,500,2790,3300,1080,770,2310,860,280,15350,Fiyat Duyarlı
2024-11-04,2160,2400,2500,1440,2250,240,4070,3190,640,1760,20650,Orta Segment
2024-11-05,2520,1440,300,4410,1650,1560,770,2090,820,440,16000,Fiyat Duyarlı
2024-11-06,1530,3440,1800,1440,3075,1800,5390,2200,680,1880,23235,Orta Segment
2024-11-07,4050,3040,1900,1170,675,1080,220,4730,100,1280,18245,Orta Segment
2024-11-08,1530,2080,3200,720,2325,3360,4730,3410,760,1760,23875,Orta Segment
2024-11-09,90,720,1900,3510,3150,1080,220,4950,440,1000,17060,Orta Segment
2024-11-10,3060,2000,4800,90,2175,1320,2310,5280,480,1520,23035,Orta Segment
2024-11-11,1350,1440,1100,3960,2850,3480,550,2200,980,1080,18990,Orta Segment
2024-11-12,3600,3040,4600,2160,2250,4800,110,3740,840,160,25300,Premium
2024-11-13,3150,160,0,3420,1275,0,2420,3410,360,280,14475,Fiyat Duyarlı
2024-11-14,2880,3520,2500,720,2625,480,4730,3190,80,960,21685,Orta Segment
2024-11-15,270,960,1300,1890,75,2280,110,4180,200,1040,12305,Fiyat Duyarlı
2024-11-16,2880,3920,3700,3780,975,840,4070,5280,220,1800,27465,Premium
2024-11-17,1170,2160,3600,4050,900,5040,1760,1210,180,880,20950,Orta Segment
2024-11-18,1800,1520,1000,270,2100,1320,3740,4400,140,1160,17450,Orta Segment
2024-11-19,4230,2160,3500,2250,825,0,3630,5060,460,1760,23875,Orta Segment
2024-11-20,1710,560,1200,2520,2850,2280,2420,1870,540,1840,17790,Orta Segment
2024-11-21,630,3200,4200,3960,75,3240,3190,2200,800,880,22375,Orta Segment
2024-11-22,540,3040,200,2970,2325,5040,770,1320,700,1920,18825,Orta Segment
2024-11-23,180,0,3200,1980,900,4320,2310,2200,720,1840,17650,Orta Segment
2024-11-24,1440,160,500,3240,3375,5520,4730,770,400,760,20895,Orta Segment
2024-11-25,2880,960,4900,900,1950,4320,3850,4950,140,680,25530,Premium
2024-11-26,4230,2160,900,450,3600,1320,440,4290,160,680,18230,Orta Segment
2024-11-27,990,3840,400,1530,3000,4320,1320,4950,920,40,21310,Orta Segment
2024-11-28,1890,1920,2200,1800,1200,5760,3080,660,280,120,18910,Orta Segment
2024-11-29,1890,2560,900,3690,2925,5760,3300,2420,940,1160,25545,Premium
2024-11-30,4050,2960,4300,3150,2250,5160,5060,4730,900,1280,33840,Premium
2024-12-01,2610,400,100,3600,2475,3240,1650,3410,780,1400,19665,Orta Segment
2024-12-02,3330,3440,1200,3330,1725,5520,4510,1100,340,680,25175,Premium
2024-12-03,3330,3520,3900,2970,3300,1680,3190,2310,820,1440,26460,Premium
2024-12-04,3960,2480,100,1440,2550,600,1650,2310,380,720,16190,Fiyat Duyarlı
2024-12-05,630,3520,1900,3240,3525,5160,1210,4620,100,1840,25745,Premium
2024-12-06,2340,3680,0,2160,375,2280,1760,2640,220,1080,16535,Orta Segment
2024-12-07,2340,1600,3600,3330,1350,5880,1650,2310,20,1560,23640,Orta Segment
2024-12-08,2970,1200,800,990,2175,1560,1210,2970,120,760,14755,Fiyat Duyarlı
2024-12-09,1800,1600,1600,1980,450,120,770,3080,300,1920,13620,Fiyat Duyarlı
2024-12-10,2610,800,800,3690,675,960,2090,1320,40,1280,14265,Fiyat Duyarlı
2024-12-11,2880,2880,1000,1890,3000,4320,220,1870,880,440,19380,Orta Segment
2024-12-12,2430,2800,1400,1800,2325,2280,1650,110,40,560,15395,Fiyat Duyarlı
2024-12-13,4140,2720,2300,2340,2475,3000,3190,3080,520,1600,25365,Premium
2024-12-14,2880,1440,3700,2700,2025,3360,4840,2200,980,1520,25645,Premium
2024-12-15,360,1520,3400,450,1050,0,2420,1540,840,40,11620,Fiyat Duyarlı
2024-12-16,4230,1360,2900,2340,2175,4080,2970,2860,780,1120,24815,Premium
2024-12-17,1620,3680,3000,3510,2700,600,4290,5390,740,1600,27130,Premium
2024-12-18,270,3200,4800,2970,2100,4320,440,3300,640,360,22400,Orta Segment
2024-12-19,3060,3840,400,990,1575,480,2090,1540,540,40,14555,Fiyat Duyarlı
2024-12-20,4320,1040,4300,3960,225,3840,4290,2420,0,400,24795,Premium
2024-12-21,1440,1120,4900,540,1425,5760,4730,2530,140,480,23065,Orta Segment
2024-12-22,3870,2400,1300,810,2325,1560,0,4730,720,360,18075,Orta Segment
2024-12-23,2430,0,1000,3960,2625,1320,3190,1320,620,520,16985,Orta Segment
2024-12-24,2610,160,800,1440,3675,4920,2200,2310,940,680,19735,Orta Segment
2024-12-25,2520,1200,3300,2250,225,2280,2090,4620,840,320,19645,Orta Segment
2024-12-26,4050,1760,1100,1800,1950,5880,550,3960,720,1520,23290,Orta Segment
2024-12-27,450,800,3400,2430,1200,2760,2310,3520,60,1080,18010,Orta Segment
2024-12-28,3060,880,3400,4050,825,5040,1870,220,580,80,20005,Orta Segment
2024-12-29,3600,720,0,90,1575,3960,770,1980,100,760,13555,Fiyat Duyarlı
2024-12-30,3240,2480,3900,3780,1200,2880,4180,2420,900,200,25180,Premium
2024-12-31,2070,1200,2100,0,675,5880,3410,3080,360,1040,19815,Orta Segment
